epoch,time,train/box_loss,train/cls_loss,train/dfl_loss,metrics/precision(B),metrics/recall(B),metrics/mAP50(B),metrics/mAP50-95(B),val/box_loss,val/cls_loss,val/dfl_loss,lr/pg0,lr/pg1,lr/pg2
1,3.06499,2.80381,4.50867,2.96616,0,0,0,0,2.8829,4.51769,2.52121,0,0,0
2,5.13629,2.84977,4.71053,2.62586,0,0,0,0,2.85119,4.52087,2.51564,1.42891e-05,1.42891e-05,1.42891e-05
3,7.34028,2.45662,4.50893,2.79909,0,0,0,0,2.86526,4.51853,2.53621,2.8573e-05,2.8573e-05,2.8573e-05
4,9.51359,2.49549,4.39428,2.61503,0,0,0,0,2.37892,4.30905,2.32416,4.28464e-05,4.28464e-05,4.28464e-05
5,13.1109,2.21233,4.31089,1.97183,0,0,0,0,2.37892,4.30905,2.32416,5.71042e-05,5.71042e-05,5.71042e-05
6,16.6422,2.01135,4.20327,2.3972,0.03571,0.14286,0.12866,0.07891,1.69144,4.07699,2.16179,7.1341e-05,7.1341e-05,7.1341e-05
7,19.8328,1.95706,4.05872,1.76218,0.03571,0.14286,0.12866,0.07891,1.69144,4.07699,2.16179,8.55516e-05,8.55516e-05,8.55516e-05
8,23.0758,1.53033,3.9287,1.6819,0.02632,0.14286,0.14928,0.05733,1.41522,3.84463,2.03698,9.9731e-05,9.9731e-05,9.9731e-05
9,25.7917,1.45186,3.77139,1.99271,0.02632,0.14286,0.14928,0.05733,1.41522,3.84463,2.03698,0.000113874,0.000113874,0.000113874
10,28.6738,1.2611,3.71509,1.70419,0.22451,0.19048,0.19964,0.06033,1.14026,3.57164,1.9344,0.000127975,0.000127975,0.000127975
11,31.7651,1.29426,3.37002,1.73384,0.22451,0.19048,0.19964,0.06033,1.14026,3.57164,1.9344,0.000142029,0.000142029,0.000142029
12,34.7541,1.49546,3.51166,2.00906,0.22451,0.19048,0.19964,0.06033,1.14026,3.57164,1.9344,0.000156031,0.000156031,0.000156031
13,37.4314,1.34517,3.48886,1.62069,0.19103,0.28571,0.24674,0.09973,1.03753,3.28587,2.34147,0.000169976,0.000169976,0.000169976
14,40.6426,1.30896,3.24839,1.53541,0.19103,0.28571,0.24674,0.09973,1.03753,3.28587,2.34147,0.000183859,0.000183859,0.000183859
15,43.8166,1.1463,3.06178,2.09531,0.19103,0.28571,0.24674,0.09973,1.03753,3.28587,2.34147,0.000197675,0.000197675,0.000197675
16,47.4413,1.18981,3.01366,2.0448,0.33333,0.18044,0.25674,0.10576,1.05255,3.19717,2.353,0.000211418,0.000211418,0.000211418
17,50.8407,1.21125,3.15652,2.06898,0.33333,0.18044,0.25674,0.10576,1.05255,3.19717,2.353,0.000225084,0.000225084,0.000225084
18,54.3751,1.12425,3.10901,1.4694,0.33333,0.18044,0.25674,0.10576,1.05255,3.19717,2.353,0.000238668,0.000238668,0.000238668
19,58.1539,1.13435,3.23353,1.48314,0.33333,0.18044,0.25674,0.10576,1.05255,3.19717,2.353,0.000252164,0.000252164,0.000252164
20,61.8802,1.19355,3.2243,1.63912,0.32697,0.33333,0.33167,0.152,1.12342,2.90402,1.852,0.000265569,0.000265569,0.000265569
21,65.4299,1.11341,2.58956,2.54538,0.32697,0.33333,0.33167,0.152,1.12342,2.90402,1.852,0.000278876,0.000278876,0.000278876
22,68.6523,1.22964,3.03299,1.95003,0.32697,0.33333,0.33167,0.152,1.12342,2.90402,1.852,0.000292081,0.000292081,0.000292081
23,71.8035,1.06518,2.76081,1.63796,0.32697,0.33333,0.33167,0.152,1.12342,2.90402,1.852,0.00030518,0.00030518,0.00030518
24,75.0599,1.13574,2.81202,1.85872,0.66196,0.33333,0.36406,0.22981,1.14467,2.67981,1.78314,0.000318167,0.000318167,0.000318167
25,78.3331,1.04114,2.46506,1.70901,0.66196,0.33333,0.36406,0.22981,1.14467,2.67981,1.78314,0.000331038,0.000331038,0.000331038
26,82.4383,1.05347,2.46781,1.69401,0.66196,0.33333,0.36406,0.22981,1.14467,2.67981,1.78314,0.000343789,0.000343789,0.000343789
27,85.5607,1.06285,2.71041,1.79889,0.66196,0.33333,0.36406,0.22981,1.14467,2.67981,1.78314,0.000356414,0.000356414,0.000356414
28,89.3616,1.20825,2.61841,1.65152,0.66196,0.33333,0.36406,0.22981,1.14467,2.67981,1.78314,0.000368909,0.000368909,0.000368909
29,92.8402,1.32503,2.6547,1.40482,0.94726,0.33333,0.66185,0.39447,1.18404,2.4125,2.01853,0.00038127,0.00038127,0.00038127
30,96.6344,1.22215,2.13079,2.05715,0.94726,0.33333,0.66185,0.39447,1.18404,2.4125,2.01853,0.000393492,0.000393492,0.000393492
31,99.8162,1.01349,2.27335,1.3438,0.94726,0.33333,0.66185,0.39447,1.18404,2.4125,2.01853,0.000405571,0.000405571,0.000405571
32,103.016,1.02198,2.32422,1.59954,0.94726,0.33333,0.66185,0.39447,1.18404,2.4125,2.01853,0.000417502,0.000417502,0.000417502
33,106.23,1.05959,2.3855,1.84772,0.94726,0.33333,0.66185,0.39447,1.18404,2.4125,2.01853,0.000429282,0.000429282,0.000429282
34,109.737,1.20614,2.25411,1.55421,0.94726,0.33333,0.66185,0.39447,1.18404,2.4125,2.01853,0.000440905,0.000440905,0.000440905
35,113.614,1.20889,2.26231,2.31302,0.73436,0.60528,0.6804,0.43674,1.25126,2.07337,2.16446,0.000452368,0.000452368,0.000452368
36,116.797,1.10101,1.88581,1.85446,0.73436,0.60528,0.6804,0.43674,1.25126,2.07337,2.16446,0.000463667,0.000463667,0.000463667
37,120.362,1.29314,2.09127,1.84244,0.73436,0.60528,0.6804,0.43674,1.25126,2.07337,2.16446,0.000474798,0.000474798,0.000474798
38,124.429,1.16621,1.99373,1.45388,0.73436,0.60528,0.6804,0.43674,1.25126,2.07337,2.16446,0.000485757,0.000485757,0.000485757
39,127.605,1.19403,2.1677,1.17038,0.73436,0.60528,0.6804,0.43674,1.25126,2.07337,2.16446,0.00049654,0.00049654,0.00049654
40,131.184,1.23806,2.01486,2.26583,0.73436,0.60528,0.6804,0.43674,1.25126,2.07337,2.16446,0.000507143,0.000507143,0.000507143
41,134.389,1.17548,2.06318,2.63585,0.73436,0.60528,0.6804,0.43674,1.25126,2.07337,2.16446,0.000517563,0.000517563,0.000517563
42,137.843,1.16596,2.08375,2.08322,0.71527,0.68449,0.67963,0.44474,1.23169,2.02556,2.11852,0.000527795,0.000527795,0.000527795
43,141.131,1.10272,1.85444,2.54512,0.71527,0.68449,0.67963,0.44474,1.23169,2.02556,2.11852,0.000537837,0.000537837,0.000537837
44,144.365,1.26166,2.00805,2.42606,0.71527,0.68449,0.67963,0.44474,1.23169,2.02556,2.11852,0.000547685,0.000547685,0.000547685
45,147.538,1.1467,1.91296,1.89266,0.71527,0.68449,0.67963,0.44474,1.23169,2.02556,2.11852,0.000557335,0.000557335,0.000557335
46,151.018,1.16095,2.03031,1.58649,0.71527,0.68449,0.67963,0.44474,1.23169,2.02556,2.11852,0.000566785,0.000566785,0.000566785
47,154.196,1.28971,2.09502,2.46472,0.71527,0.68449,0.67963,0.44474,1.23169,2.02556,2.11852,0.00057603,0.00057603,0.00057603
48,157.375,1.09992,1.86394,2.34541,0.71527,0.68449,0.67963,0.44474,1.23169,2.02556,2.11852,0.000585069,0.000585069,0.000585069
49,161.202,1.19474,2.12719,1.23875,0.71527,0.68449,0.67963,0.44474,1.23169,2.02556,2.11852,0.000593897,0.000593897,0.000593897
50,164.408,1.17382,1.87819,1.93578,0.59934,0.57214,0.66669,0.4157,1.31116,2.16186,1.96835,0.000602511,0.000602511,0.000602511
51,167.081,1.10309,1.67718,1.49978,0.59934,0.57214,0.66669,0.4157,1.31116,2.16186,1.96835,0.00061091,0.00061091,0.00061091
52,169.739,1.23251,1.90714,1.68412,0.59934,0.57214,0.66669,0.4157,1.31116,2.16186,1.96835,0.00061909,0.00061909,0.00061909
53,172.604,1.12877,1.74553,1.92613,0.59934,0.57214,0.66669,0.4157,1.31116,2.16186,1.96835,0.000627049,0.000627049,0.000627049
54,176.172,1.07964,1.74366,1.53106,0.59934,0.57214,0.66669,0.4157,1.31116,2.16186,1.96835,0.000634783,0.000634783,0.000634783
55,178.778,1.06132,1.87532,1.56609,0.59934,0.57214,0.66669,0.4157,1.31116,2.16186,1.96835,0.000642291,0.000642291,0.000642291
56,181.494,1.15688,1.7479,1.69895,0.59934,0.57214,0.66669,0.4157,1.31116,2.16186,1.96835,0.000649569,0.000649569,0.000649569
57,184.998,1.17038,1.91227,1.51253,0.59934,0.57214,0.66669,0.4157,1.31116,2.16186,1.96835,0.000656617,0.000656617,0.000656617
58,187.963,1.0211,1.68893,1.54274,0.59934,0.57214,0.66669,0.4157,1.31116,2.16186,1.96835,0.000663431,0.000663431,0.000663431
59,190.572,1.18181,1.84119,1.42433,0.59934,0.57214,0.66669,0.4157,1.31116,2.16186,1.96835,0.000670009,0.000670009,0.000670009
60,193.613,1.13579,1.6889,2.79454,0.91259,0.56424,0.66602,0.41254,1.39688,2.04185,2.0119,0.00067635,0.00067635,0.00067635
61,196.156,1.06091,1.75811,1.38171,0.91259,0.56424,0.66602,0.41254,1.39688,2.04185,2.0119,0.000682451,0.000682451,0.000682451
62,198.777,1.08297,1.57929,1.37229,0.91259,0.56424,0.66602,0.41254,1.39688,2.04185,2.0119,0.00068831,0.00068831,0.00068831
63,201.384,1.21276,1.72482,1.2809,0.91259,0.56424,0.66602,0.41254,1.39688,2.04185,2.0119,0.000693927,0.000693927,0.000693927
64,204.296,1.09536,1.91811,1.27033,0.91259,0.56424,0.66602,0.41254,1.39688,2.04185,2.0119,0.000699299,0.000699299,0.000699299
65,206.931,1.05281,1.65188,1.99221,0.91259,0.56424,0.66602,0.41254,1.39688,2.04185,2.0119,0.000704425,0.000704425,0.000704425
66,209.583,1.16728,1.70265,1.30955,0.91259,0.56424,0.66602,0.41254,1.39688,2.04185,2.0119,0.000709304,0.000709304,0.000709304
67,212.281,1.11034,1.94038,1.33092,0.91259,0.56424,0.66602,0.41254,1.39688,2.04185,2.0119,0.000713934,0.000713934,0.000713934
68,214.921,1.1028,1.58575,1.56242,0.91259,0.56424,0.66602,0.41254,1.39688,2.04185,2.0119,0.000718314,0.000718314,0.000718314
69,217.544,1.18286,1.66815,1.42548,0.91259,0.56424,0.66602,0.41254,1.39688,2.04185,2.0119,0.000722443,0.000722443,0.000722443
70,220.197,1.08271,1.83392,2.03757,0.91259,0.56424,0.66602,0.41254,1.39688,2.04185,2.0119,0.00072632,0.00072632,0.00072632
71,223.13,1.09517,1.73012,1.85695,0.91259,0.56424,0.66602,0.41254,1.39688,2.04185,2.0119,0.000729944,0.000729944,0.000729944
72,226.145,1.22352,1.58535,1.39779,0.88686,0.67262,0.77044,0.56191,1.15107,1.31986,1.65406,0.000733315,0.000733315,0.000733315
73,229.38,1.05644,1.33333,1.39722,0.88686,0.67262,0.77044,0.56191,1.15107,1.31986,1.65406,0.000736432,0.000736432,0.000736432
74,233.168,1.03413,1.29987,1.14561,0.88686,0.67262,0.77044,0.56191,1.15107,1.31986,1.65406,0.000739294,0.000739294,0.000739294
75,236.918,1.11738,1.46865,1.405,0.88686,0.67262,0.77044,0.56191,1.15107,1.31986,1.65406,0.000741901,0.000741901,0.000741901
76,240.154,0.9965,1.29704,1.24841,0.88686,0.67262,0.77044,0.56191,1.15107,1.31986,1.65406,0.000744254,0.000744254,0.000744254
77,244.182,1.17561,1.43929,1.49009,0.88686,0.67262,0.77044,0.56191,1.15107,1.31986,1.65406,0.00074635,0.00074635,0.00074635
78,247.357,1.10721,1.54927,1.7668,0.88686,0.67262,0.77044,0.56191,1.15107,1.31986,1.65406,0.000748191,0.000748191,0.000748191
79,250.51,1.16219,1.34722,1.56607,0.88686,0.67262,0.77044,0.56191,1.15107,1.31986,1.65406,0.000749777,0.000749777,0.000749777
80,253.982,0.95573,1.25986,1.17907,0.88686,0.67262,0.77044,0.56191,1.15107,1.31986,1.65406,0.000751108,0.000751108,0.000751108
81,257.181,0.93722,1.13044,1.54299,0.88686,0.67262,0.77044,0.56191,1.15107,1.31986,1.65406,0.000752184,0.000752184,0.000752184
82,260.358,1.00841,1.26405,1.50362,0.88686,0.67262,0.77044,0.56191,1.15107,1.31986,1.65406,0.000753005,0.000753005,0.000753005
83,263.891,1.05669,1.33894,1.43894,0.88686,0.67262,0.77044,0.56191,1.15107,1.31986,1.65406,0.000753572,0.000753572,0.000753572
84,267.15,1.10414,1.29415,2.35486,0.88686,0.67262,0.77044,0.56191,1.15107,1.31986,1.65406,0.000753886,0.000753886,0.000753886
85,270.306,0.92221,1.28258,1.44879,0.88686,0.67262,0.77044,0.56191,1.15107,1.31986,1.65406,0.000753948,0.000753948,0.000753948
86,273.806,1.03417,1.34735,1.82586,0.88102,0.62283,0.84114,0.59547,1.22779,1.73827,1.64441,0.000753758,0.000753758,0.000753758
87,277.11,1.08195,1.24812,1.56004,0.88102,0.62283,0.84114,0.59547,1.22779,1.73827,1.64441,0.000753317,0.000753317,0.000753317
88,280.501,1.12372,1.3302,1.50216,0.88102,0.62283,0.84114,0.59547,1.22779,1.73827,1.64441,0.000752626,0.000752626,0.000752626
89,284.107,1.17926,1.32738,1.28772,0.88102,0.62283,0.84114,0.59547,1.22779,1.73827,1.64441,0.000751687,0.000751687,0.000751687
90,287.287,1.05305,1.34471,1.22106,0.88102,0.62283,0.84114,0.59547,1.22779,1.73827,1.64441,0.000750501,0.000750501,0.000750501
91,290.48,1.11036,1.30265,1.72282,0.88102,0.62283,0.84114,0.59547,1.22779,1.73827,1.64441,0.00074907,0.00074907,0.00074907
92,293.721,1.18364,1.32685,1.64267,0.88102,0.62283,0.84114,0.59547,1.22779,1.73827,1.64441,0.000747394,0.000747394,0.000747394
93,296.948,1.32671,1.42967,1.26385,0.88102,0.62283,0.84114,0.59547,1.22779,1.73827,1.64441,0.000745476,0.000745476,0.000745476
94,300.75,1.29209,1.32819,1.46793,0.88102,0.62283,0.84114,0.59547,1.22779,1.73827,1.64441,0.000743317,0.000743317,0.000743317
95,304.274,1.20104,1.37716,1.3992,0.88102,0.62283,0.84114,0.59547,1.22779,1.73827,1.64441,0.00074092,0.00074092,0.00074092
96,307.758,1.27456,1.31961,1.29287,0.88102,0.62283,0.84114,0.59547,1.22779,1.73827,1.64441,0.000738286,0.000738286,0.000738286
97,311.342,1.45658,1.46567,1.5728,0.88102,0.62283,0.84114,0.59547,1.22779,1.73827,1.64441,0.000735418,0.000735418,0.000735418
98,314.542,1.17469,1.38626,2.02516,0.88102,0.62283,0.84114,0.59547,1.22779,1.73827,1.64441,0.000732317,0.000732317,0.000732317
99,318.14,1.23873,1.44195,1.56448,0.88102,0.62283,0.84114,0.59547,1.22779,1.73827,1.64441,0.000728986,0.000728986,0.000728986
100,321.341,1.31147,1.34372,1.96335,0.88102,0.62283,0.84114,0.59547,1.22779,1.73827,1.64441,0.000725428,0.000725428,0.000725428
101,324.527,1.30352,1.49277,1.37184,0.88102,0.62283,0.84114,0.59547,1.22779,1.73827,1.64441,0.000721645,0.000721645,0.000721645
102,328.372,1.01083,1.44086,1.20779,0.86631,0.81548,0.88117,0.62,1.14234,1.05708,1.55595,0.000710534,0.000710534,0.000710534
103,331.894,1.20021,1.11368,1.14663,0.86631,0.81548,0.88117,0.62,1.14234,1.05708,1.55595,0.000699426,0.000699426,0.000699426
104,335.141,1.08228,1.10825,1.99437,0.86631,0.81548,0.88117,0.62,1.14234,1.05708,1.55595,0.000688324,0.000688324,0.000688324
105,338.348,1.10772,1.13444,1.41599,0.86631,0.81548,0.88117,0.62,1.14234,1.05708,1.55595,0.00067723,0.00067723,0.00067723
106,341.515,1.18669,1.12081,1.43592,0.86631,0.81548,0.88117,0.62,1.14234,1.05708,1.55595,0.000666147,0.000666147,0.000666147
107,345.116,1.13775,1.12217,1.36661,0.86631,0.81548,0.88117,0.62,1.14234,1.05708,1.55595,0.000655077,0.000655077,0.000655077
108,348.273,1.13036,1.20203,1.42552,0.86631,0.81548,0.88117,0.62,1.14234,1.05708,1.55595,0.000644024,0.000644024,0.000644024
109,351.46,1.14563,1.18411,1.48112,0.86631,0.81548,0.88117,0.62,1.14234,1.05708,1.55595,0.00063299,0.00063299,0.00063299
110,354.713,1.23524,1.16734,1.50505,0.86631,0.81548,0.88117,0.62,1.14234,1.05708,1.55595,0.000621978,0.000621978,0.000621978
111,357.931,0.99362,1.17724,1.50504,0.86631,0.81548,0.88117,0.62,1.14234,1.05708,1.55595,0.00061099,0.00061099,0.00061099
112,361.944,1.10313,1.17953,1.07966,0.86631,0.81548,0.88117,0.62,1.14234,1.05708,1.55595,0.00060003,0.00060003,0.00060003
113,365.127,1.10974,1.15718,1.21034,0.86631,0.81548,0.88117,0.62,1.14234,1.05708,1.55595,0.0005891,0.0005891,0.0005891
114,368.681,0.95845,1.00057,1.08177,0.86631,0.81548,0.88117,0.62,1.14234,1.05708,1.55595,0.000578202,0.000578202,0.000578202
115,371.927,0.97331,1.06356,1.12047,0.86631,0.81548,0.88117,0.62,1.14234,1.05708,1.55595,0.00056734,0.00056734,0.00056734
116,375.116,1.0224,1.10018,1.94571,0.86631,0.81548,0.88117,0.62,1.14234,1.05708,1.55595,0.000556516,0.000556516,0.000556516
117,378.315,0.99182,1.16852,1.29876,0.86631,0.81548,0.88117,0.62,1.14234,1.05708,1.55595,0.000545733,0.000545733,0.000545733
118,381.965,1.02069,1.00644,1.53476,0.96498,0.86251,0.95789,0.66927,1.09709,0.91897,1.68711,0.000534993,0.000534993,0.000534993
119,385.111,1.02038,1.06276,1.77006,0.96498,0.86251,0.95789,0.66927,1.09709,0.91897,1.68711,0.000524299,0.000524299,0.000524299
120,388.318,0.93361,0.95071,1.3029,0.96498,0.86251,0.95789,0.66927,1.09709,0.91897,1.68711,0.000513654,0.000513654,0.000513654
121,391.5,1.04973,1.00761,1.19882,0.96498,0.86251,0.95789,0.66927,1.09709,0.91897,1.68711,0.00050306,0.00050306,0.00050306
122,395.563,1.00574,0.94218,1.26099,0.96498,0.86251,0.95789,0.66927,1.09709,0.91897,1.68711,0.00049252,0.00049252,0.00049252
123,399.738,1.00884,0.97922,1.55081,0.96498,0.86251,0.95789,0.66927,1.09709,0.91897,1.68711,0.000482037,0.000482037,0.000482037
124,402.923,0.90093,1.00599,1.02785,0.96498,0.86251,0.95789,0.66927,1.09709,0.91897,1.68711,0.000471613,0.000471613,0.000471613
125,406.098,1.01616,0.98933,1.06982,0.96498,0.86251,0.95789,0.66927,1.09709,0.91897,1.68711,0.00046125,0.00046125,0.00046125
126,409.28,1.05667,1.00143,1.1151,0.96498,0.86251,0.95789,0.66927,1.09709,0.91897,1.68711,0.000450952,0.000450952,0.000450952
127,412.523,1.311,1.19271,1.35541,0.96498,0.86251,0.95789,0.66927,1.09709,0.91897,1.68711,0.00044072,0.00044072,0.00044072
128,415.741,1.07715,1.09041,2.26143,0.96498,0.86251,0.95789,0.66927,1.09709,0.91897,1.68711,0.000430558,0.000430558,0.000430558
129,419.142,1.03635,1.0058,1.66416,0.96498,0.86251,0.95789,0.66927,1.09709,0.91897,1.68711,0.000420468,0.000420468,0.000420468
130,422.721,0.84747,0.92065,1.68855,0.96498,0.86251,0.95789,0.66927,1.09709,0.91897,1.68711,0.000410452,0.000410452,0.000410452
131,425.897,1.11516,1.09004,1.68231,0.96498,0.86251,0.95789,0.66927,1.09709,0.91897,1.68711,0.000400513,0.000400513,0.000400513
132,429.066,1.18072,1.12006,1.25681,0.96498,0.86251,0.95789,0.66927,1.09709,0.91897,1.68711,0.000390653,0.000390653,0.000390653
133,432.636,1.59352,1.32448,1.91348,0.96498,0.86251,0.95789,0.66927,1.09709,0.91897,1.68711,0.000380874,0.000380874,0.000380874
134,435.858,0.98038,0.95865,0.93468,0.96178,0.8631,0.93865,0.65084,1.12478,0.93118,1.7064,0.00037118,0.00037118,0.00037118
135,438.83,1.11449,1.09932,1.34351,0.96178,0.8631,0.93865,0.65084,1.12478,0.93118,1.7064,0.000361572,0.000361572,0.000361572
136,441.706,0.88873,0.96243,1.21385,0.96178,0.8631,0.93865,0.65084,1.12478,0.93118,1.7064,0.000352053,0.000352053,0.000352053
137,444.307,0.90818,0.90123,1.34031,0.96178,0.8631,0.93865,0.65084,1.12478,0.93118,1.7064,0.000342625,0.000342625,0.000342625
138,447.032,0.98581,0.94279,1.29733,0.96178,0.8631,0.93865,0.65084,1.12478,0.93118,1.7064,0.000333291,0.000333291,0.000333291
139,450.255,0.94898,1.0335,1.79008,0.96178,0.8631,0.93865,0.65084,1.12478,0.93118,1.7064,0.000324053,0.000324053,0.000324053
140,453.288,1.11351,1.06831,1.13098,0.96178,0.8631,0.93865,0.65084,1.12478,0.93118,1.7064,0.000314912,0.000314912,0.000314912
141,455.854,0.98381,1.02298,1.29592,0.96178,0.8631,0.93865,0.65084,1.12478,0.93118,1.7064,0.000305872,0.000305872,0.000305872
142,458.492,0.94289,1.00785,1.04595,0.96178,0.8631,0.93865,0.65084,1.12478,0.93118,1.7064,0.000296935,0.000296935,0.000296935
143,461.494,0.96746,1.02678,1.43278,0.96178,0.8631,0.93865,0.65084,1.12478,0.93118,1.7064,0.000288102,0.000288102,0.000288102
144,464.098,0.95552,0.93677,1.4667,0.96178,0.8631,0.93865,0.65084,1.12478,0.93118,1.7064,0.000279376,0.000279376,0.000279376
145,466.69,0.99534,1.05264,1.69603,0.96178,0.8631,0.93865,0.65084,1.12478,0.93118,1.7064,0.00027076,0.00027076,0.00027076
146,469.684,1.01568,1.02404,1.45034,0.96178,0.8631,0.93865,0.65084,1.12478,0.93118,1.7064,0.000262255,0.000262255,0.000262255
147,472.24,0.96819,1.10984,1.18782,0.96178,0.8631,0.93865,0.65084,1.12478,0.93118,1.7064,0.000253863,0.000253863,0.000253863
148,475.193,0.99876,1.09405,2.14607,0.96178,0.8631,0.93865,0.65084,1.12478,0.93118,1.7064,0.000245586,0.000245586,0.000245586
149,478.092,1.02865,0.95103,1.48639,0.96178,0.8631,0.93865,0.65084,1.12478,0.93118,1.7064,0.000237427,0.000237427,0.000237427
150,480.711,0.98602,0.99178,1.61584,0.98224,0.80839,0.91093,0.66422,1.07201,0.91376,1.71764,0.000229388,0.000229388,0.000229388
151,483.41,0.87388,0.96949,1.39005,0.98224,0.80839,0.91093,0.66422,1.07201,0.91376,1.71764,0.000221469,0.000221469,0.000221469
152,486.07,0.90275,0.90068,2.23408,0.98224,0.80839,0.91093,0.66422,1.07201,0.91376,1.71764,0.000213675,0.000213675,0.000213675
153,488.666,1.06413,1.02308,1.37001,0.98224,0.80839,0.91093,0.66422,1.07201,0.91376,1.71764,0.000206005,0.000206005,0.000206005
154,491.282,0.83486,0.93392,1.3162,0.98224,0.80839,0.91093,0.66422,1.07201,0.91376,1.71764,0.000198463,0.000198463,0.000198463
155,493.981,0.87324,0.94157,1.03192,0.98224,0.80839,0.91093,0.66422,1.07201,0.91376,1.71764,0.00019105,0.00019105,0.00019105
156,497.214,0.94334,0.89087,1.61078,0.98224,0.80839,0.91093,0.66422,1.07201,0.91376,1.71764,0.000183768,0.000183768,0.000183768
157,499.877,1.10767,0.95777,1.12195,0.98224,0.80839,0.91093,0.66422,1.07201,0.91376,1.71764,0.000176619,0.000176619,0.000176619
158,502.829,1.05788,0.99114,1.26075,0.98224,0.80839,0.91093,0.66422,1.07201,0.91376,1.71764,0.000169604,0.000169604,0.000169604
159,505.457,0.89646,0.89252,1.50253,0.98224,0.80839,0.91093,0.66422,1.07201,0.91376,1.71764,0.000162725,0.000162725,0.000162725
160,508.43,0.94008,0.98114,1.07259,0.98224,0.80839,0.91093,0.66422,1.07201,0.91376,1.71764,0.000155984,0.000155984,0.000155984
161,511.24,0.9519,1.00298,1.21377,0.98224,0.80839,0.91093,0.66422,1.07201,0.91376,1.71764,0.000149383,0.000149383,0.000149383
162,513.88,0.77889,0.91568,1.80681,0.98224,0.80839,0.91093,0.66422,1.07201,0.91376,1.71764,0.000142923,0.000142923,0.000142923
163,516.605,0.88488,0.86629,2.46019,0.98224,0.80839,0.91093,0.66422,1.07201,0.91376,1.71764,0.000136605,0.000136605,0.000136605
164,519.861,0.90663,1.02455,1.70262,0.98224,0.80839,0.91093,0.66422,1.07201,0.91376,1.71764,0.000130432,0.000130432,0.000130432
165,522.801,0.94373,1.02438,1.33661,0.98224,0.80839,0.91093,0.66422,1.07201,0.91376,1.71764,0.000124405,0.000124405,0.000124405
166,525.471,0.84939,0.91632,1.63879,0.90092,0.81548,0.91487,0.69644,1.01767,0.8883,1.7163,0.000118526,0.000118526,0.000118526
167,528.69,0.89498,0.91572,1.02634,0.90092,0.81548,0.91487,0.69644,1.01767,0.8883,1.7163,0.000112795,0.000112795,0.000112795
168,532.479,0.89376,0.90632,1.22426,0.90092,0.81548,0.91487,0.69644,1.01767,0.8883,1.7163,0.000107214,0.000107214,0.000107214
169,535.672,0.80845,0.88993,1.13873,0.90092,0.81548,0.91487,0.69644,1.01767,0.8883,1.7163,0.000101785,0.000101785,0.000101785
170,538.864,0.91582,0.89807,1.25487,0.90092,0.81548,0.91487,0.69644,1.01767,0.8883,1.7163,9.6509e-05,9.6509e-05,9.6509e-05
171,542.661,0.85708,0.9634,1.14411,0.90092,0.81548,0.91487,0.69644,1.01767,0.8883,1.7163,9.13871e-05,9.13871e-05,9.13871e-05
172,545.903,0.79296,0.87714,1.06771,0.90092,0.81548,0.91487,0.69644,1.01767,0.8883,1.7163,8.64207e-05,8.64207e-05,8.64207e-05
173,549.675,0.88809,0.94156,1.10858,0.90092,0.81548,0.91487,0.69644,1.01767,0.8883,1.7163,8.16111e-05,8.16111e-05,8.16111e-05
174,552.879,0.90848,0.84931,1.59679,0.90092,0.81548,0.91487,0.69644,1.01767,0.8883,1.7163,7.69593e-05,7.69593e-05,7.69593e-05
175,556.051,0.92174,0.92231,0.94356,0.90092,0.81548,0.91487,0.69644,1.01767,0.8883,1.7163,7.24667e-05,7.24667e-05,7.24667e-05
176,559.483,0.93914,0.96836,1.58884,0.90092,0.81548,0.91487,0.69644,1.01767,0.8883,1.7163,6.81342e-05,6.81342e-05,6.81342e-05
177,562.991,0.96591,0.97932,1.57567,0.90092,0.81548,0.91487,0.69644,1.01767,0.8883,1.7163,6.3963e-05,6.3963e-05,6.3963e-05
178,566.472,0.88442,0.91431,1.4554,0.90092,0.81548,0.91487,0.69644,1.01767,0.8883,1.7163,5.9954e-05,5.9954e-05,5.9954e-05
179,569.674,0.87442,0.88866,1.37587,0.90092,0.81548,0.91487,0.69644,1.01767,0.8883,1.7163,5.61083e-05,5.61083e-05,5.61083e-05
180,572.815,0.87089,0.85805,1.21357,0.90092,0.81548,0.91487,0.69644,1.01767,0.8883,1.7163,5.24268e-05,5.24268e-05,5.24268e-05
181,576.026,0.87342,0.86074,1.3868,0.90092,0.81548,0.91487,0.69644,1.01767,0.8883,1.7163,4.89104e-05,4.89104e-05,4.89104e-05
182,579.324,1.03861,0.92313,1.42358,0.84608,0.89418,0.93209,0.70664,1.00546,0.87277,1.70584,4.556e-05,4.556e-05,4.556e-05
183,582.58,0.89135,0.885,1.26222,0.84608,0.89418,0.93209,0.70664,1.00546,0.87277,1.70584,4.23765e-05,4.23765e-05,4.23765e-05
184,586.009,0.8705,0.88484,0.89706,0.84608,0.89418,0.93209,0.70664,1.00546,0.87277,1.70584,3.93605e-05,3.93605e-05,3.93605e-05
185,589.267,0.83779,0.86675,1.37231,0.84608,0.89418,0.93209,0.70664,1.00546,0.87277,1.70584,3.65129e-05,3.65129e-05,3.65129e-05
186,592.673,0.93146,0.93494,2.10775,0.84608,0.89418,0.93209,0.70664,1.00546,0.87277,1.70584,3.38343e-05,3.38343e-05,3.38343e-05
187,596.19,0.89156,0.92994,1.3325,0.84608,0.89418,0.93209,0.70664,1.00546,0.87277,1.70584,3.13254e-05,3.13254e-05,3.13254e-05
188,599.669,0.85023,0.89801,1.1305,0.84608,0.89418,0.93209,0.70664,1.00546,0.87277,1.70584,2.89868e-05,2.89868e-05,2.89868e-05
189,602.852,0.84573,0.90562,1.31256,0.84608,0.89418,0.93209,0.70664,1.00546,0.87277,1.70584,2.68192e-05,2.68192e-05,2.68192e-05
190,606.462,0.89749,0.87829,1.22922,0.84608,0.89418,0.93209,0.70664,1.00546,0.87277,1.70584,2.4823e-05,2.4823e-05,2.4823e-05
191,609.931,0.90251,0.94347,0.87448,0.84608,0.89418,0.93209,0.70664,1.00546,0.87277,1.70584,2.29987e-05,2.29987e-05,2.29987e-05
192,613.488,0.92053,0.99409,1.166,0.84608,0.89418,0.93209,0.70664,1.00546,0.87277,1.70584,2.13468e-05,2.13468e-05,2.13468e-05
193,616.897,0.97347,0.98429,1.27195,0.84608,0.89418,0.93209,0.70664,1.00546,0.87277,1.70584,1.98677e-05,1.98677e-05,1.98677e-05
194,620.423,0.9531,0.9973,1.07283,0.84608,0.89418,0.93209,0.70664,1.00546,0.87277,1.70584,1.85617e-05,1.85617e-05,1.85617e-05
195,623.577,0.95875,0.98986,1.21214,0.84608,0.89418,0.93209,0.70664,1.00546,0.87277,1.70584,1.74293e-05,1.74293e-05,1.74293e-05
196,626.664,0.95893,0.9827,1.29794,0.84608,0.89418,0.93209,0.70664,1.00546,0.87277,1.70584,1.64705e-05,1.64705e-05,1.64705e-05
197,629.859,0.97902,0.96927,1.21206,0.84608,0.89418,0.93209,0.70664,1.00546,0.87277,1.70584,1.56858e-05,1.56858e-05,1.56858e-05
198,633.282,0.93843,0.96054,1.24424,0.87867,0.89545,0.93895,0.71728,1.00827,0.8744,1.69526,1.50753e-05,1.50753e-05,1.50753e-05
199,637.094,0.99728,0.97685,1.30163,0.87867,0.89545,0.93895,0.71728,1.00827,0.8744,1.69526,1.4639e-05,1.4639e-05,1.4639e-05
200,641.063,0.87481,0.91359,0.98178,0.87867,0.89545,0.93895,0.71728,1.00827,0.8744,1.69526,1.43773e-05,1.43773e-05,1.43773e-05
